datetime,sessionTime,posX,posY,posZ,q0,qi,qj,qk,pitch,yaw,roll
220902142632.760,2.080,-2.0000,0.0000,-2.0000,1.0000,0.0000,0.0000,0.0000,0.0000,0.0000,0.0000
220902142632.857,2.180,-2.0000,0.0000,-2.0000,1.0000,0.0000,0.0000,0.0000,0.0000,0.0000,0.0000
220902142632.960,2.280,-2.0000,0.0000,-2.0000,1.0000,0.0000,0.0000,0.0000,0.0000,0.0000,0.0000
220902142633.060,2.380,-2.0000,0.0000,-2.0000,1.0000,0.0000,0.0000,0.0000,0.0000,0.0000,0.0000
220902142633.161,2.480,-2.0000,0.0000,-2.0000,1.0000,0.0000,0.0000,0.0000,0.0000,0.0000,0.0000
220902142633.258,2.580,-2.0000,0.0000,-2.0000,1.0000,0.0000,0.0000,0.0000,0.0000,0.0000,0.0000
220902142633.362,2.680,-2.0000,0.0000,-2.0000,1.0000,0.0000,0.0000,0.0000,0.0000,0.0000,0.0000
220902142633.460,2.780,-2.0000,0.0000,-2.0000,1.0000,0.0000,0.0000,0.0000,0.0000,0.0000,0.0000
220902142633.565,2.880,-2.0000,0.0000,-2.0000,1.0000,0.0000,0.0000,0.0000,0.0000,0.0000,0.0000
220902142633.659,2.980,-2.0000,0.0000,-2.0000,1.0000,0.0000,0.0000,0.0000,0.0000,0.0000,0.0000
220902142633.760,3.080,-2.0000,0.0000,-2.0000,1.0000,0.0000,0.0000,0.0000,0.0000,0.0000,0.0000
220902142633.863,3.180,-2.0000,0.0000,-2.0000,1.0000,0.0000,0.0000,0.0000,0.0000,0.0000,0.0000
220902142633.961,3.280,-2.0000,0.0000,-2.0000,1.0000,0.0000,0.0000,0.0000,0.0000,0.0000,0.0000
220902142634.064,3.380,-2.0000,0.0000,-2.0000,1.0000,0.0000,0.0000,0.0000,0.0000,0.0000,0.0000
220902142634.161,3.480,-2.0000,0.0000,-2.0000,1.0000,0.0000,0.0000,0.0000,0.0000,0.0000,0.0000
220902142634.261,3.580,-2.0000,0.0000,-2.0000,1.0000,0.0000,0.0000,0.0000,0.0000,0.0000,0.0000
220902142634.360,3.680,-2.0000,0.0000,-2.0000,1.0000,0.0000,0.0000,0.0000,0.0000,0.0000,0.0000
220902142634.478,3.780,-2.0000,0.0000,-2.0000,1.0000,0.0000,0.0000,0.0000,0.0000,0.0000,0.0000
220902142634.565,3.880,-2.0000,0.0000,-2.0000,1.0000,0.0000,0.0000,0.0000,0.0000,0.0000,0.0000
220902142634.661,3.980,-2.0000,0.0000,-2.0000,1.0000,0.0000,0.0000,0.0000,0.0000,0.0000,0.0000
220902142634.762,4.080,-2.0000,0.0000,-2.0000,1.0000,0.0000,0.0000,0.0000,0.0000,0.0000,0.0000
220902142634.861,4.180,-2.0000,0.0000,-2.0000,1.0000,0.0000,0.0000,0.0000,0.0000,0.0000,0.0000
220902142634.960,4.280,-2.0000,0.0000,-2.0000,1.0000,0.0000,0.0000,0.0000,0.0000,0.0000,0.0000
220902142635.061,4.380,-2.0000,0.0000,-2.0000,1.0000,0.0000,0.0000,0.0000,0.0000,0.0000,0.0000
220902142635.162,4.480,-2.0000,0.0000,-2.0000,1.0000,0.0000,0.0000,0.0000,0.0000,0.0000,0.0000
220902142635.266,4.580,-2.0000,0.0000,-2.0000,1.0000,0.0000,0.0000,0.0000,0.0000,0.0000,0.0000
220902142635.363,4.680,-2.0000,0.0000,-2.0000,1.0000,0.0000,0.0000,0.0000,0.0000,0.0000,0.0000
220902142635.460,4.780,-2.0000,0.0000,-2.0000,1.0000,0.0000,0.0000,0.0000,0.0000,0.0000,0.0000
220902142635.560,4.880,-2.0000,0.0000,-2.0000,1.0000,0.0000,0.0000,0.0000,0.0000,0.0000,0.0000
220902142635.658,4.980,-2.0000,0.0000,-2.0000,1.0000,0.0000,0.0000,0.0000,0.0000,0.0000,0.0000
220902142635.762,5.080,-2.0000,0.0000,-2.0000,1.0000,0.0000,0.0000,0.0000,0.0000,0.0000,0.0000
220902142635.860,5.180,-2.0000,0.0000,-2.0000,1.0000,0.0000,0.0000,0.0000,0.0000,0.0000,0.0000
220902142635.962,5.280,-2.0000,0.0000,-2.0000,1.0000,0.0000,0.0000,0.0000,0.0000,0.0000,0.0000
220902142636.063,5.380,-2.0000,0.0000,-2.0000,1.0000,0.0000,0.0000,0.0000,0.0000,0.0000,0.0000
220902142636.162,5.480,-2.0000,0.0000,-2.0000,1.0000,0.0000,0.0000,0.0000,0.0000,0.0000,0.0000
220902142636.260,5.580,-2.0000,0.0000,-2.0000,1.0000,0.0000,0.0000,0.0000,0.0000,0.0000,0.0000
220902142636.366,5.680,-2.0000,0.0000,-2.0000,1.0000,0.0000,0.0000,0.0000,0.0000,0.0000,0.0000
220902142636.464,5.780,-2.0000,0.0000,-2.0000,1.0000,0.0000,0.0000,0.0000,0.0000,0.0000,0.0000
220902142636.561,5.880,-2.0000,0.0000,-2.0000,1.0000,0.0000,0.0000,0.0000,0.0000,0.0000,0.0000
220902142636.659,5.980,-2.0000,0.0000,-2.0000,1.0000,0.0000,0.0000,0.0000,0.0000,0.0000,0.0000
220902142636.766,6.080,-2.0000,0.0000,-2.0000,1.0000,0.0000,0.0000,0.0000,0.0000,0.0000,0.0000
220902142636.864,6.180,-2.0000,0.0000,-2.0000,1.0000,0.0000,0.0000,0.0000,0.0000,0.0000,0.0000
220902142636.958,6.280,-2.0000,0.0000,-2.0000,1.0000,0.0000,0.0000,0.0000,0.0000,0.0000,0.0000
220902142637.060,6.380,-2.0000,0.0000,-2.0000,1.0000,0.0000,0.0000,0.0000,0.0000,0.0000,0.0000
220902142637.162,6.480,-2.0000,0.0000,-2.0000,1.0000,0.0000,0.0000,0.0000,0.0000,0.0000,0.0000
220902142637.259,6.580,-2.0000,0.0000,-2.0000,1.0000,0.0000,0.0000,0.0000,0.0000,0.0000,0.0000
220902142637.363,6.680,-2.0000,0.0000,-2.0000,1.0000,0.0000,0.0000,0.0000,0.0000,0.0000,0.0000
220902142637.458,6.780,-2.0000,0.0000,-2.0000,1.0000,0.0000,0.0000,0.0000,0.0000,0.0000,0.0000
220902142637.564,6.880,-2.0000,0.0000,-2.0000,1.0000,0.0000,0.0000,0.0000,0.0000,0.0000,0.0000
220902142637.674,6.980,-2.0000,0.0000,-2.0000,1.0000,0.0000,0.0000,0.0000,0.0000,0.0000,0.0000
220902142637.763,7.080,-2.0000,0.0000,-2.0000,1.0000,0.0000,0.0000,0.0000,0.0000,0.0000,0.0000
220902142637.858,7.180,-2.0000,0.0000,-2.0000,1.0000,0.0000,0.0000,0.0000,0.0000,0.0000,0.0000
220902142637.958,7.280,-2.0000,0.0000,-2.0000,1.0000,0.0000,0.0000,0.0000,0.0000,0.0000,0.0000
220902142638.058,7.380,-2.0000,0.0000,-2.0000,1.0000,0.0000,0.0000,0.0000,0.0000,0.0000,0.0000
220902142638.164,7.480,-2.0000,0.0000,-2.0000,1.0000,0.0000,0.0000,0.0000,0.0000,0.0000,0.0000
220902142638.264,7.580,-2.0000,0.0000,-2.0000,1.0000,0.0000,0.0000,0.0000,0.0000,0.0000,0.0000
220902142638.364,7.680,-2.0000,0.0000,-2.0000,1.0000,0.0000,0.0000,0.0000,0.0000,0.0000,0.0000
220902142638.464,7.780,-2.0000,0.0000,-2.0000,1.0000,0.0000,0.0000,0.0000,0.0000,0.0000,0.0000
220902142638.565,7.880,-2.0000,0.0000,-2.0000,1.0000,0.0000,0.0000,0.0000,0.0000,0.0000,0.0000
220902142638.658,7.980,-2.0000,0.0000,-2.0000,1.0000,0.0000,0.0000,0.0000,0.0000,0.0000,0.0000
220902142638.762,8.080,-2.0000,0.0000,-2.0000,1.0000,0.0000,0.0000,0.0000,0.0000,0.0000,0.0000
220902142638.864,8.180,-2.0000,0.0000,-2.0000,1.0000,0.0000,0.0000,0.0000,0.0000,0.0000,0.0000
220902142638.962,8.280,-2.0000,0.0000,-2.0000,1.0000,0.0000,0.0000,0.0000,0.0000,0.0000,0.0000
220902142639.059,8.380,-2.0000,0.0000,-2.0000,1.0000,0.0000,0.0000,0.0000,0.0000,0.0000,0.0000
220902142639.162,8.480,-2.0000,0.0000,-2.0000,1.0000,0.0000,0.0000,0.0000,0.0000,0.0000,0.0000
220902142639.261,8.580,-2.0000,0.0000,-2.0000,1.0000,0.0000,0.0000,0.0000,0.0000,0.0000,0.0000
220902142639.361,8.680,-2.0000,0.0000,-2.0000,1.0000,0.0000,0.0000,0.0000,0.0000,0.0000,0.0000
220902142639.462,8.780,-2.0000,0.0000,-2.0000,1.0000,0.0000,0.0000,0.0000,0.0000,0.0000,0.0000
220902142639.563,8.880,-2.0000,0.0000,-2.0000,1.0000,0.0000,0.0000,0.0000,0.0000,0.0000,0.0000
220902142639.663,8.980,-2.0000,0.0000,-2.0000,1.0000,0.0000,0.0000,0.0000,0.0000,0.0000,0.0000
220902142639.761,9.080,-2.0000,0.0000,-2.0000,1.0000,0.0000,0.0000,0.0000,0.0000,0.0000,0.0000
220902142639.861,9.180,-2.0000,0.0000,-2.0000,1.0000,0.0000,0.0000,0.0000,0.0000,0.0000,0.0000
220902142639.964,9.280,-2.0000,0.0000,-2.0000,1.0000,0.0000,0.0000,0.0000,0.0000,0.0000,0.0000
220902142640.065,9.380,-2.0000,0.0000,-2.0000,1.0000,0.0000,0.0000,0.0000,0.0000,0.0000,0.0000
220902142640.166,9.480,-2.0000,0.0000,-2.0000,1.0000,0.0000,0.0000,0.0000,0.0000,0.0000,0.0000
220902142640.261,9.580,-2.0000,0.0000,-2.0000,1.0000,0.0000,0.0000,0.0000,0.0000,0.0000,0.0000
220902142640.363,9.680,-2.0000,0.0000,-2.0000,1.0000,0.0000,0.0000,0.0000,0.0000,0.0000,0.0000
220902142640.467,9.780,-2.0000,0.0000,-2.0000,1.0000,0.0000,0.0000,0.0000,0.0000,0.0000,0.0000
220902142640.569,9.880,-2.0000,0.0000,-2.0000,1.0000,0.0000,0.0000,0.0000,0.0000,0.0000,0.0000
220902142640.658,9.980,-2.0000,0.0000,-2.0000,1.0000,0.0000,0.0000,0.0000,0.0000,0.0000,0.0000
220902142640.759,10.080,-2.0000,0.0000,-2.0000,1.0000,0.0000,0.0000,0.0000,0.0000,0.0000,0.0000
220902142640.862,10.180,-2.0000,0.0000,-2.0000,1.0000,0.0000,0.0000,0.0000,0.0000,0.0000,0.0000
220902142640.957,10.280,-2.0000,0.0000,-2.0000,1.0000,0.0000,0.0000,0.0000,0.0000,0.0000,0.0000
220902142641.062,10.380,-2.0000,0.0000,-2.0000,1.0000,0.0000,0.0000,0.0000,0.0000,0.0000,0.0000
220902142641.162,10.480,-2.0000,0.0000,-2.0000,1.0000,0.0000,0.0000,0.0000,0.0000,0.0000,0.0000
220902142641.261,10.580,-2.0000,0.0000,-2.0000,1.0000,0.0000,0.0000,0.0000,0.0000,0.0000,0.0000
220902142641.365,10.680,-2.0000,0.0000,-2.0000,1.0000,0.0000,0.0000,0.0000,0.0000,0.0000,0.0000
220902142641.464,10.780,-2.0000,0.0000,-2.0000,1.0000,0.0000,0.0000,0.0000,0.0000,0.0000,0.0000
220902142641.566,10.880,-2.0000,0.0000,-2.0000,1.0000,0.0000,0.0000,0.0000,0.0000,0.0000,0.0000
220902142641.664,10.980,-2.0000,0.0000,-2.0000,1.0000,0.0000,0.0000,0.0000,0.0000,0.0000,0.0000
220902142641.766,11.080,-2.0000,0.0000,-2.0000,1.0000,0.0000,0.0000,0.0000,0.0000,0.0000,0.0000
220902142641.859,11.180,-2.0000,0.0000,-2.0000,1.0000,0.0000,0.0000,0.0000,0.0000,0.0000,0.0000
220902142641.968,11.280,-2.0000,0.0000,-2.0000,1.0000,0.0000,0.0000,0.0000,0.0000,0.0000,0.0000
220902142642.062,11.380,-2.0000,0.0000,-2.0000,1.0000,0.0000,0.0000,0.0000,0.0000,0.0000,0.0000
220902142642.165,11.480,-2.0000,0.0000,-2.0000,1.0000,0.0000,0.0000,0.0000,0.0000,0.0000,0.0000
220902142642.263,11.580,-2.0000,0.0000,-2.0000,1.0000,0.0000,0.0000,0.0000,0.0000,0.0000,0.0000
220902142642.363,11.680,-2.0000,0.0000,-2.0000,1.0000,0.0000,0.0000,0.0000,0.0000,0.0000,0.0000
220902142642.457,11.780,-2.0000,0.0000,-2.0000,1.0000,0.0000,0.0000,0.0000,0.0000,0.0000,0.0000
220902142642.560,11.880,-2.0000,0.0000,-2.0000,1.0000,0.0000,0.0000,0.0000,0.0000,0.0000,0.0000
220902142642.665,11.980,-2.0000,0.0000,-2.0000,1.0000,0.0000,0.0000,0.0000,0.0000,0.0000,0.0000
220902142642.766,12.080,-2.0000,0.0000,-2.0000,1.0000,0.0000,0.0000,0.0000,0.0000,0.0000,0.0000
220902142642.859,12.180,-2.0000,0.0000,-2.0000,1.0000,0.0000,0.0000,0.0000,0.0000,0.0000,0.0000
220902142642.959,12.280,-2.0000,0.0000,-2.0000,1.0000,0.0000,0.0000,0.0000,0.0000,0.0000,0.0000
220902142643.061,12.380,-2.0000,0.0000,-2.0000,1.0000,0.0000,0.0000,0.0000,0.0000,0.0000,0.0000
220902142643.164,12.480,-2.0000,0.0000,-2.0000,1.0000,0.0000,0.0000,0.0000,0.0000,0.0000,0.0000
220902142643.261,12.580,-2.0000,0.0000,-2.0000,1.0000,0.0000,0.0000,0.0000,0.0000,0.0000,0.0000
220902142643.360,12.680,-2.0000,0.0000,-2.0000,1.0000,0.0000,0.0000,0.0000,0.0000,0.0000,0.0000
220902142643.460,12.780,-2.0000,0.0000,-2.0000,1.0000,0.0000,0.0000,0.0000,0.0000,0.0000,0.0000
220902142643.560,12.880,-2.0000,0.0000,-2.0000,1.0000,0.0000,0.0000,0.0000,0.0000,0.0000,0.0000
220902142643.665,12.980,-2.0000,0.0000,-2.0000,1.0000,0.0000,0.0000,0.0000,0.0000,0.0000,0.0000
220902142643.759,13.080,-2.0000,0.0000,-2.0000,1.0000,0.0000,0.0000,0.0000,0.0000,0.0000,0.0000
220902142643.865,13.180,-2.0000,0.0000,-2.0000,1.0000,0.0000,0.0000,0.0000,0.0000,0.0000,0.0000
220902142643.965,13.280,-2.0000,0.0000,-2.0000,1.0000,0.0000,0.0000,0.0000,0.0000,0.0000,0.0000
220902142644.062,13.380,-2.0000,0.0000,-2.0000,1.0000,0.0000,0.0000,0.0000,0.0000,0.0000,0.0000
220902142644.163,13.480,-2.0000,0.0000,-2.0000,1.0000,0.0000,0.0000,0.0000,0.0000,0.0000,0.0000
220902142644.265,13.580,-2.0000,0.0000,-2.0000,1.0000,0.0000,0.0000,0.0000,0.0000,0.0000,0.0000
220902142644.361,13.680,-2.0000,0.0000,-2.0000,1.0000,0.0000,0.0000,0.0000,0.0000,0.0000,0.0000
220902142644.459,13.780,-2.0000,0.0000,-2.0000,1.0000,0.0000,0.0000,0.0000,0.0000,0.0000,0.0000
220902142644.558,13.880,-2.0000,0.0000,-2.0000,1.0000,0.0000,0.0000,0.0000,0.0000,0.0000,0.0000
220902142644.664,13.980,-2.0000,0.0000,-2.0000,1.0000,0.0000,0.0000,0.0000,0.0000,0.0000,0.0000
220902142644.766,14.080,-2.0000,0.0000,-2.0000,1.0000,0.0000,0.0000,0.0000,0.0000,0.0000,0.0000
220902142644.861,14.180,-2.0000,0.0000,-2.0000,1.0000,0.0000,0.0000,0.0000,0.0000,0.0000,0.0000
220902142644.957,14.280,-2.0000,0.0000,-2.0000,1.0000,0.0000,0.0000,0.0000,0.0000,0.0000,0.0000
220902142645.068,14.380,-2.0000,0.0000,-2.0000,1.0000,0.0000,0.0000,0.0000,0.0000,0.0000,0.0000
220902142645.161,14.480,-2.0000,0.0000,-2.0000,1.0000,0.0000,0.0000,0.0000,0.0000,0.0000,0.0000
220902142645.264,14.580,-2.0000,0.0000,-2.0000,1.0000,0.0000,0.0000,0.0000,0.0000,0.0000,0.0000
220902142645.369,14.680,-2.0000,0.0000,-2.0000,1.0000,0.0000,0.0000,0.0000,0.0000,0.0000,0.0000
220902142645.469,14.780,-2.0000,0.0000,-2.0000,1.0000,0.0000,0.0000,0.0000,0.0000,0.0000,0.0000
220902142645.560,14.880,-2.0000,0.0000,-2.0000,1.0000,0.0000,0.0000,0.0000,0.0000,0.0000,0.0000
220902142645.662,14.980,-2.0000,0.0000,-2.0000,1.0000,0.0000,0.0000,0.0000,0.0000,0.0000,0.0000
220902142645.758,15.080,-2.0000,0.0000,-2.0000,1.0000,0.0000,0.0000,0.0000,0.0000,0.0000,0.0000
220902142645.860,15.180,-2.0000,0.0000,-2.0000,1.0000,0.0000,0.0000,0.0000,0.0000,0.0000,0.0000
220902142645.963,15.280,-2.0000,0.0000,-2.0000,1.0000,0.0000,0.0000,0.0000,0.0000,0.0000,0.0000
220902142646.060,15.380,-2.0000,0.0000,-2.0000,1.0000,0.0000,0.0000,0.0000,0.0000,0.0000,0.0000
220902142646.158,15.480,-2.0000,0.0000,-2.0000,1.0000,0.0000,0.0000,0.0000,0.0000,0.0000,0.0000
220902142646.262,15.580,-2.0000,0.0000,-2.0000,1.0000,0.0000,0.0000,0.0000,0.0000,0.0000,0.0000
220902142646.358,15.680,-2.0000,0.0000,-2.0000,1.0000,0.0000,0.0000,0.0000,0.0000,0.0000,0.0000
220902142646.465,15.780,-2.0000,0.0000,-2.0000,1.0000,0.0000,0.0000,0.0000,0.0000,0.0000,0.0000
220902142646.564,15.880,-2.0000,0.0000,-2.0000,1.0000,0.0000,0.0000,0.0000,0.0000,0.0000,0.0000
220902142646.661,15.980,-2.0000,0.0000,-2.0000,1.0000,0.0000,0.0000,0.0000,0.0000,0.0000,0.0000
220902142646.758,16.080,-2.0000,0.0000,-2.0000,1.0000,0.0000,0.0000,0.0000,0.0000,0.0000,0.0000
220902142646.863,16.180,-2.0000,0.0000,-2.0000,1.0000,0.0000,0.0000,0.0000,0.0000,0.0000,0.0000
220902142646.958,16.280,-2.0000,0.0000,-2.0000,1.0000,0.0000,0.0000,0.0000,0.0000,0.0000,0.0000
220902142647.065,16.380,-2.0000,0.0000,-2.0000,1.0000,0.0000,0.0000,0.0000,0.0000,0.0000,0.0000
220902142647.165,16.480,-2.0000,0.0000,-2.0000,1.0000,0.0000,0.0000,0.0000,0.0000,0.0000,0.0000
220902142647.259,16.580,-2.0000,0.0000,-2.0000,1.0000,0.0000,0.0000,0.0000,0.0000,0.0000,0.0000
220902142647.357,16.680,-2.0000,0.0000,-2.0000,1.0000,0.0000,0.0000,0.0000,0.0000,0.0000,0.0000
220902142647.473,16.780,-2.0000,0.0000,-2.0000,1.0000,0.0000,0.0000,0.0000,0.0000,0.0000,0.0000
220902142647.564,16.880,-2.0000,0.0000,-2.0000,1.0000,0.0000,0.0000,0.0000,0.0000,0.0000,0.0000
220902142647.660,16.980,-2.0000,0.0000,-2.0000,1.0000,0.0000,0.0000,0.0000,0.0000,0.0000,0.0000
220902142647.759,17.080,-2.0000,0.0000,-2.0000,1.0000,0.0000,0.0000,0.0000,0.0000,0.0000,0.0000
220902142647.857,17.180,-2.0000,0.0000,-2.0000,1.0000,0.0000,0.0000,0.0000,0.0000,0.0000,0.0000
220902142647.964,17.280,-2.0000,0.0000,-2.0000,1.0000,0.0000,0.0000,0.0000,0.0000,0.0000,0.0000
220902142648.066,17.380,-2.0000,0.0000,-2.0000,1.0000,0.0000,0.0000,0.0000,0.0000,0.0000,0.0000
220902142648.161,17.480,-2.0000,0.0000,-2.0000,1.0000,0.0000,0.0000,0.0000,0.0000,0.0000,0.0000
220902142648.263,17.580,-2.0000,0.0000,-2.0000,1.0000,0.0000,0.0000,0.0000,0.0000,0.0000,0.0000
220902142648.368,17.680,-2.0000,0.0000,-2.0000,1.0000,0.0000,0.0000,0.0000,0.0000,0.0000,0.0000
220902142648.460,17.780,-2.0000,0.0000,-2.0000,1.0000,0.0000,0.0000,0.0000,0.0000,0.0000,0.0000
220902142648.560,17.880,-2.0000,0.0000,-2.0000,1.0000,0.0000,0.0000,0.0000,0.0000,0.0000,0.0000
220902142648.665,17.980,-2.0000,0.0000,-2.0000,1.0000,0.0000,0.0000,0.0000,0.0000,0.0000,0.0000
220902142648.763,18.080,-2.0000,0.0000,-2.0000,1.0000,0.0000,0.0000,0.0000,0.0000,0.0000,0.0000
220902142648.865,18.180,-2.0000,0.0000,-2.0000,1.0000,0.0000,0.0000,0.0000,0.0000,0.0000,0.0000
220902142648.963,18.280,-2.0000,0.0000,-2.0000,1.0000,0.0000,0.0000,0.0000,0.0000,0.0000,0.0000
220902142649.062,18.380,-2.0000,0.0000,-2.0000,1.0000,0.0000,0.0000,0.0000,0.0000,0.0000,0.0000
220902142649.164,18.480,-2.0000,0.0000,-2.0000,1.0000,0.0000,0.0000,0.0000,0.0000,0.0000,0.0000
220902142649.262,18.580,-2.0000,0.0000,-2.0000,1.0000,0.0000,0.0000,0.0000,0.0000,0.0000,0.0000
220902142649.367,18.680,-2.0000,0.0000,-2.0000,1.0000,0.0000,0.0000,0.0000,0.0000,0.0000,0.0000
220902142649.465,18.780,-2.0000,0.0000,-2.0000,1.0000,0.0000,0.0000,0.0000,0.0000,0.0000,0.0000
220902142649.562,18.880,-2.0000,0.0000,-2.0000,1.0000,0.0000,0.0000,0.0000,0.0000,0.0000,0.0000
220902142649.662,18.980,-2.0000,0.0000,-2.0000,1.0000,0.0000,0.0000,0.0000,0.0000,0.0000,0.0000
220902142649.765,19.080,-2.0000,0.0000,-2.0000,1.0000,0.0000,0.0000,0.0000,0.0000,0.0000,0.0000
220902142649.866,19.180,-2.0000,0.0000,-2.0000,1.0000,0.0000,0.0000,0.0000,0.0000,0.0000,0.0000
220902142649.963,19.280,-2.0000,0.0000,-2.0000,1.0000,0.0000,0.0000,0.0000,0.0000,0.0000,0.0000
220902142650.058,19.380,-2.0000,0.0000,-2.0000,1.0000,0.0000,0.0000,0.0000,0.0000,0.0000,0.0000
220902142650.157,19.480,-2.0000,0.0000,-2.0000,1.0000,0.0000,0.0000,0.0000,0.0000,0.0000,0.0000
220902142650.266,19.580,-2.0000,0.0000,-2.0000,1.0000,0.0000,0.0000,0.0000,0.0000,0.0000,0.0000
220902142650.363,19.680,-2.0000,0.0000,-2.0000,1.0000,0.0000,0.0000,0.0000,0.0000,0.0000,0.0000
220902142650.461,19.780,-2.0000,0.0000,-2.0000,1.0000,0.0000,0.0000,0.0000,0.0000,0.0000,0.0000
220902142650.560,19.880,-2.0000,0.0000,-2.0000,1.0000,0.0000,0.0000,0.0000,0.0000,0.0000,0.0000
220902142650.664,19.980,-2.0000,0.0000,-2.0000,1.0000,0.0000,0.0000,0.0000,0.0000,0.0000,0.0000
220902142650.759,20.080,-2.0000,0.0000,-2.0000,1.0000,0.0000,0.0000,0.0000,0.0000,0.0000,0.0000
220902142650.864,20.180,-2.0000,0.0000,-2.0000,1.0000,0.0000,0.0000,0.0000,0.0000,0.0000,0.0000
220902142650.958,20.280,-2.0000,0.0000,-2.0000,1.0000,0.0000,0.0000,0.0000,0.0000,0.0000,0.0000
220902142651.064,20.380,-2.0000,0.0000,-2.0000,1.0000,0.0000,0.0000,0.0000,0.0000,0.0000,0.0000
220902142651.160,20.480,-2.0000,0.0000,-2.0000,1.0000,0.0000,0.0000,0.0000,0.0000,0.0000,0.0000
220902142651.260,20.580,-2.0000,0.0000,-2.0000,1.0000,0.0000,0.0000,0.0000,0.0000,0.0000,0.0000
220902142651.366,20.680,-2.0000,0.0000,-2.0000,1.0000,0.0000,0.0000,0.0000,0.0000,0.0000,0.0000
220902142651.458,20.780,-2.0000,0.0000,-2.0000,1.0000,0.0000,0.0000,0.0000,0.0000,0.0000,0.0000
220902142651.566,20.880,-2.0000,0.0000,-2.0000,1.0000,0.0000,0.0000,0.0000,0.0000,0.0000,0.0000
220902142651.666,20.980,-2.0000,0.0000,-2.0000,1.0000,0.0000,0.0000,0.0000,0.0000,0.0000,0.0000
220902142651.763,21.080,-2.0000,0.0000,-2.0000,1.0000,0.0000,0.0000,0.0000,0.0000,0.0000,0.0000
220902142651.857,21.180,-2.0000,0.0000,-2.0000,1.0000,0.0000,0.0000,0.0000,0.0000,0.0000,0.0000
220902142651.964,21.280,-2.0000,0.0000,-2.0000,1.0000,0.0000,0.0000,0.0000,0.0000,0.0000,0.0000
220902142652.064,21.380,-2.0000,0.0000,-2.0000,1.0000,0.0000,0.0000,0.0000,0.0000,0.0000,0.0000
220902142652.161,21.480,-2.0000,0.0000,-2.0000,1.0000,0.0000,0.0000,0.0000,0.0000,0.0000,0.0000
220902142652.260,21.580,-2.0000,0.0000,-2.0000,1.0000,0.0000,0.0000,0.0000,0.0000,0.0000,0.0000
220902142652.360,21.680,-2.0000,0.0000,-2.0000,1.0000,0.0000,0.0000,0.0000,0.0000,0.0000,0.0000
220902142652.460,21.780,-2.0000,0.0000,-2.0000,1.0000,0.0000,0.0000,0.0000,0.0000,0.0000,0.0000
220902142652.564,21.880,-2.0000,0.0000,-2.0000,1.0000,0.0000,0.0000,0.0000,0.0000,0.0000,0.0000
220902142652.664,21.980,-2.0000,0.0000,-2.0000,1.0000,0.0000,0.0000,0.0000,0.0000,0.0000,0.0000
220902142652.759,22.080,-2.0000,0.0000,-2.0000,1.0000,0.0000,0.0000,0.0000,0.0000,0.0000,0.0000
220902142652.859,22.180,-2.0000,0.0000,-2.0000,1.0000,0.0000,0.0000,0.0000,0.0000,0.0000,0.0000
220902142652.961,22.280,-2.0000,0.0000,-2.0000,1.0000,0.0000,0.0000,0.0000,0.0000,0.0000,0.0000
220902142653.061,22.380,-2.0000,0.0000,-2.0000,1.0000,0.0000,0.0000,0.0000,0.0000,0.0000,0.0000
220902142653.160,22.480,-2.0000,0.0000,-2.0000,1.0000,0.0000,0.0000,0.0000,0.0000,0.0000,0.0000
220902142653.259,22.580,-2.0000,0.0000,-2.0000,1.0000,0.0000,0.0000,0.0000,0.0000,0.0000,0.0000
220902142653.365,22.680,-2.0000,0.0000,-2.0000,1.0000,0.0000,0.0000,0.0000,0.0000,0.0000,0.0000
220902142653.467,22.780,-2.0000,0.0000,-2.0000,1.0000,0.0000,0.0000,0.0000,0.0000,0.0000,0.0000
220902142653.564,22.880,-2.0000,0.0000,-2.0000,1.0000,0.0000,0.0000,0.0000,0.0000,0.0000,0.0000
220902142653.661,22.980,-2.0000,0.0000,-2.0000,1.0000,0.0000,0.0000,0.0000,0.0000,0.0000,0.0000
220902142653.761,23.080,-2.0000,0.0000,-2.0000,1.0000,0.0000,0.0000,0.0000,0.0000,0.0000,0.0000
220902142653.857,23.180,-2.0000,0.0000,-2.0000,1.0000,0.0000,0.0000,0.0000,0.0000,0.0000,0.0000
220902142653.958,23.280,-2.0000,0.0000,-2.0000,1.0000,0.0000,0.0000,0.0000,0.0000,0.0000,0.0000
220902142654.066,23.380,-2.0000,0.0000,-2.0000,1.0000,0.0000,0.0000,0.0000,0.0000,0.0000,0.0000
220902142654.167,23.480,-2.0000,0.0000,-2.0000,1.0000,0.0000,0.0000,0.0000,0.0000,0.0000,0.0000
220902142654.263,23.580,-2.0000,0.0000,-2.0000,1.0000,0.0000,0.0000,0.0000,0.0000,0.0000,0.0000
220902142654.362,23.680,-2.0000,0.0000,-2.0000,1.0000,0.0000,0.0000,0.0000,0.0000,0.0000,0.0000
220902142654.458,23.780,-2.0000,0.0000,-2.0000,1.0000,0.0000,0.0000,0.0000,0.0000,0.0000,0.0000
220902142654.567,23.880,-2.0000,0.0000,-2.0000,1.0000,0.0000,0.0000,0.0000,0.0000,0.0000,0.0000
220902142654.664,23.980,-2.0000,0.0000,-2.0000,1.0000,0.0000,0.0000,0.0000,0.0000,0.0000,0.0000
220902142654.763,24.080,-2.0000,0.0000,-2.0000,1.0000,0.0000,0.0000,0.0000,0.0000,0.0000,0.0000
220902142654.865,24.180,-2.0000,0.0000,-2.0000,1.0000,0.0000,0.0000,0.0000,0.0000,0.0000,0.0000
220902142654.966,24.280,-2.0000,0.0000,-2.0000,1.0000,0.0000,0.0000,0.0000,0.0000,0.0000,0.0000
220902142655.064,24.380,-2.0000,0.0000,-2.0000,1.0000,0.0000,0.0000,0.0000,0.0000,0.0000,0.0000
220902142655.166,24.480,-2.0000,0.0000,-2.0000,1.0000,0.0000,0.0000,0.0000,0.0000,0.0000,0.0000
220902142655.261,24.580,-2.0000,0.0000,-2.0000,1.0000,0.0000,0.0000,0.0000,0.0000,0.0000,0.0000
220902142655.357,24.680,-2.0000,0.0000,-2.0000,1.0000,0.0000,0.0000,0.0000,0.0000,0.0000,0.0000
220902142655.465,24.780,-2.0000,0.0000,-2.0000,1.0000,0.0000,0.0000,0.0000,0.0000,0.0000,0.0000
220902142655.557,24.880,-2.0000,0.0000,-2.0000,1.0000,0.0000,0.0000,0.0000,0.0000,0.0000,0.0000
220902142655.659,24.980,-2.0000,0.0000,-2.0000,1.0000,0.0000,0.0000,0.0000,0.0000,0.0000,0.0000
220902142655.762,25.080,-2.0000,0.0000,-2.0000,1.0000,0.0000,0.0000,0.0000,0.0000,0.0000,0.0000
220902142655.858,25.180,-2.0000,0.0000,-2.0000,1.0000,0.0000,0.0000,0.0000,0.0000,0.0000,0.0000
220902142655.960,25.280,-2.0000,0.0000,-2.0000,1.0000,0.0000,0.0000,0.0000,0.0000,0.0000,0.0000
220902142656.062,25.380,-2.0000,0.0000,-2.0000,1.0000,0.0000,0.0000,0.0000,0.0000,0.0000,0.0000
220902142656.169,25.480,-2.0000,0.0000,-2.0000,1.0000,0.0000,0.0000,0.0000,0.0000,0.0000,0.0000
220902142656.262,25.580,-2.0000,0.0000,-2.0000,1.0000,0.0000,0.0000,0.0000,0.0000,0.0000,0.0000
220902142656.360,25.680,-2.0000,0.0000,-2.0000,1.0000,0.0000,0.0000,0.0000,0.0000,0.0000,0.0000
220902142656.462,25.780,-2.0000,0.0000,-2.0000,1.0000,0.0000,0.0000,0.0000,0.0000,0.0000,0.0000
220902142656.559,25.880,-2.0000,0.0000,-2.0000,1.0000,0.0000,0.0000,0.0000,0.0000,0.0000,0.0000
220902142656.659,25.980,-2.0000,0.0000,-2.0000,1.0000,0.0000,0.0000,0.0000,0.0000,0.0000,0.0000
220902142656.769,26.080,-2.0000,0.0000,-2.0000,1.0000,0.0000,0.0000,0.0000,0.0000,0.0000,0.0000
220902142656.865,26.180,-2.0000,0.0000,-2.0000,1.0000,0.0000,0.0000,0.0000,0.0000,0.0000,0.0000
220902142656.957,26.280,-2.0000,0.0000,-2.0000,1.0000,0.0000,0.0000,0.0000,0.0000,0.0000,0.0000
220902142657.062,26.380,-2.0000,0.0000,-2.0000,1.0000,0.0000,0.0000,0.0000,0.0000,0.0000,0.0000
220902142657.161,26.480,-2.0000,0.0000,-2.0000,1.0000,0.0000,0.0000,0.0000,0.0000,0.0000,0.0000
220902142657.258,26.580,-2.0000,0.0000,-2.0000,1.0000,0.0000,0.0000,0.0000,0.0000,0.0000,0.0000
220902142657.358,26.680,-2.0000,0.0000,-2.0000,1.0000,0.0000,0.0000,0.0000,0.0000,0.0000,0.0000
220902142657.459,26.780,-2.0000,0.0000,-2.0000,1.0000,0.0000,0.0000,0.0000,0.0000,0.0000,0.0000
220902142657.563,26.880,-2.0000,0.0000,-2.0000,1.0000,0.0000,0.0000,0.0000,0.0000,0.0000,0.0000
220902142657.657,26.980,-2.0000,0.0000,-2.0000,1.0000,0.0000,0.0000,0.0000,0.0000,0.0000,0.0000
220902142657.763,27.080,-2.0000,0.0000,-2.0000,1.0000,0.0000,0.0000,0.0000,0.0000,0.0000,0.0000
220902142657.864,27.180,-2.0000,0.0000,-2.0000,1.0000,0.0000,0.0000,0.0000,0.0000,0.0000,0.0000
220902142657.958,27.280,-2.0000,0.0000,-2.0000,1.0000,0.0000,0.0000,0.0000,0.0000,0.0000,0.0000
220902142658.066,27.380,-2.0000,0.0000,-2.0000,1.00